Workbook

Sheet Before
A1: File Name (Test ID Long) | B1: Date | C1: (Daily) Test Number | D1: Cell Number | E1: Test ID (Short) | F1: Organisation | G1: Cell Model | H1: Brand | I1: Date of Manufacture | J1: Date of Purchase | K1: Form | L1: Size | M1: Chemistry | N1: Nominal voltage (V) | O1: Rated Capacity (Ah) | P1: SOC (for experiment) | Q1: Calculated capacity, 100%SOC (Ah) | R1: Bottom Vent? | S1: Heater power, Ideal (W) | T1: Cp (J/kg/K) | U1: Cell Mass before test (g) | V1: Cell+heater Mass before test (g) | W1: Force Ignition attempt?
A2: =IF(ISBLANK(B2),"Waiting for input",IF(ISERROR(U2),"Check mass input",IF(ISERROR(V2),"Check mass input",IF(COUNTBLANK(B2:W2)=0,CONCATENATE(TEXT(B2,"yyyy-mm-dd"),"_",TEXT(C2,"000"),"_",G2,"_SOC",P2,"_Pwr",S2),"Check input")))) -> 2024-10-29_001_RSproLiFePO4-18650-1600mAh_SOC100_Pwr40 | B2: 45594 | C2: 1 | D2: ='Cycling data'!D2 -> Cell 1 | E2: =CONCATENATE(TEXT(B2,"yymmdd"),"-",TEXT(C2,"000")) -> 241029-001 | F2: KCL | G2: RSproLiFePO4-18650-1600mAh | H2: RS | I2: 44761 | J2: Unknown | K2: Cylindrical | L2: 18650 | M2: LFP | N2: 3.2 | O2: 1.6 | P2: 100 | Q2: ='Cycling data'!E2 -> 1.581 | R2: N | S2: 40 | T2: - | U2: =Mass!L2 -> 40.304667 | V2: =Mass!M2 -> 49.447 | W2: N
A3: =IF(ISBLANK(B3),"Waiting for input",IF(ISERROR(U3),"Check mass input",IF(ISERROR(V3),"Check mass input",IF(COUNTBLANK(B3:W3)=0,CONCATENATE(TEXT(B3,"yyyy-mm-dd"),"_",TEXT(C3,"000"),"_",G3,"_SOC",P3,"_Pwr",S3),"Check input")))) -> 2024-10-30_001_RSproLiFePO4-18650-1600mAh_SOC100_Pwr40 | B3: 45595 | C3: 1 | D3: ='Cycling data'!D3 -> Cell 2 | E3: =CONCATENATE(TEXT(B3,"yymmdd"),"-",TEXT(C3,"000")) -> 241030-001 | F3: KCL | G3: RSproLiFePO4-18650-1600mAh | H3: RS | I3: 44761 | J3: Unknown | K3: Cylindrical | L3: 18650 | M3: LFP | N3: 3.2 | O3: 1.6 | P3: 100 | Q3: ='Cycling data'!E3 -> 1.612 | R3: N | S3: 40 | T3: - | U3: =Mass!L3 -> 39.848 | V3: =Mass!M3 -> 48.733667 | W3: Y
A4: =IF(ISBLANK(B4),"Waiting for input",IF(ISERROR(U4),"Check mass input",IF(ISERROR(V4),"Check mass input",IF(COUNTBLANK(B4:W4)=0,CONCATENATE(TEXT(B4,"yyyy-mm-dd"),"_",TEXT(C4,"000"),"_",G4,"_SOC",P4,"_Pwr",S4),"Check input")))) -> 2024-10-30_002_RSproLiFePO4-18650-1600mAh_SOC100_Pwr40 | B4: 45595 | C4: 2 | D4: ='Cycling data'!D4 -> Cell 3 | E4: =CONCATENATE(TEXT(B4,"yymmdd"),"-",TEXT(C4,"000")) -> 241030-002 | F4: KCL | G4: RSproLiFePO4-18650-1600mAh | H4: RS | I4: 44761 | J4: Unknown | K4: Cylindrical | L4: 18650 | M4: LFP | N4: 3.2 | O4: 1.6 | P4: 100 | Q4: ='Cycling data'!E4 -> 1.578 | R4: N | S4: 40 | T4: - | U4: =Mass!L4 -> 39.876333 | V4: =Mass!M4 -> 48.681667 | W4: Y
A5: =IF(ISBLANK(B5),"Waiting for input",IF(ISERROR(U5),"Check mass input",IF(ISERROR(V5),"Check mass input",IF(COUNTBLANK(B5:W5)=0,CONCATENATE(TEXT(B5,"yyyy-mm-dd"),"_",TEXT(C5,"000"),"_",G5,"_SOC",P5,"_Pwr",S5),"Check input")))) -> 2024-10-30_003_RSproLiFePO4-18650-1600mAh_SOC100_Pwr40 | B5: 45595 | C5: 3 | D5: ='Cycling data'!D5 -> Cell 4 | E5: =CONCATENATE(TEXT(B5,"yymmdd"),"-",TEXT(C5,"000")) -> 241030-003 | F5: KCL | G5: RSproLiFePO4-18650-1600mAh | H5: RS | I5: 44761 | J5: Unknown | K5: Cylindrical | L5: 18650 | M5: LFP | N5: 3.2 | O5: 1.6 | P5: 100 | Q5: ='Cycling data'!E5 -> 1.585 | R5: N | S5: 40 | T5: - | U5: =Mass!L5 -> 39.989 | V5: =Mass!M5 -> 49.158333 | W5: Y
A6: =IF(ISBLANK(B6),"Waiting for input",IF(ISERROR(U6),"Check mass input",IF(ISERROR(V6),"Check mass input",IF(COUNTBLANK(B6:W6)=0,CONCATENATE(TEXT(B6,"yyyy-mm-dd"),"_",TEXT(C6,"000"),"_",G6,"_SOC",P6,"_Pwr",S6),"Check input")))) -> 2024-10-30_004_RSproLiFePO4-18650-1600mAh_SOC100_Pwr40 | B6: 45595 | C6: 4 | D6: ='Cycling data'!D6 -> Cell 5 | E6: =CONCATENATE(TEXT(B6,"yymmdd"),"-",TEXT(C6,"000")) -> 241030-004 | F6: KCL | G6: RSproLiFePO4-18650-1600mAh | H6: RS | I6: 44761 | J6: Unknown | K6: Cylindrical | L6: 18650 | M6: LFP | N6: 3.2 | O6: 1.6 | P6: 100 | Q6: ='Cycling data'!E6 -> 1.639 | R6: N | S6: 40 | T6: - | U6: =Mass!L6 -> 39.904333 | V6: =Mass!M6 -> 49.038667 | W6: N
A7: =IF(ISBLANK(B7),"Waiting for input",IF(ISERROR(U7),"Check mass input",IF(ISERROR(V7),"Check mass input",IF(COUNTBLANK(B7:W7)=0,CONCATENATE(TEXT(B7,"yyyy-mm-dd"),"_",TEXT(C7,"000"),"_",G7,"_SOC",P7,"_Pwr",S7),"Check input")))) -> 2024-10-30_005_RSproLiFePO4-18650-1600mAh_SOC100_Pwr40 | B7: 45595 | C7: 5 | D7: ='Cycling data'!D7 -> Cell 6 | E7: =CONCATENATE(TEXT(B7,"yymmdd"),"-",TEXT(C7,"000")) -> 241030-005 | F7: KCL | G7: RSproLiFePO4-18650-1600mAh | H7: RS | I7: 44761 | J7: Unknown | K7: Cylindrical | L7: 18650 | M7: LFP | N7: 3.2 | O7: 1.6 | P7: 100 | Q7: ='Cycling data'!E7 -> 1.606 | R7: N | S7: 40 | T7: - | U7: =Mass!L7 -> 40.038667 | V7: =Mass!M7 -> 49.234667 | W7: N
A8: =IF(ISBLANK(B8),"Waiting for input",IF(ISERROR(U8),"Check mass input",IF(ISERROR(V8),"Check mass input",IF(COUNTBLANK(B8:W8)=0,CONCATENATE(TEXT(B8,"yyyy-mm-dd"),"_",TEXT(C8,"000"),"_",G8,"_SOC",P8,"_Pwr",S8),"Check input")))) -> 2025-01-29_001_RSproLiFePO4-18650-1600mAh_SOC100_Pwr40 | B8: 45686 | C8: 1 | D8: ='Cycling data'!D8 -> Cell 7 | E8: =CONCATENATE(TEXT(B8,"yymmdd"),"-",TEXT(C8,"000")) -> 250129-001 | F8: KCL | G8: RSproLiFePO4-18650-1600mAh | H8: RS | I8: 44761 | J8: Unknown | K8: Cylindrical | L8: 18650 | M8: LFP | N8: 3.2 | O8: 1.6 | P8: 100 | Q8: ='Cycling data'!E8 -> 1.58 | R8: N | S8: 40 | T8: - | U8: =Mass!L8 -> 40.131667 | V8: =Mass!M8 -> 48.823333 | W8: Y
A9: =IF(ISBLANK(B9),"Waiting for input",IF(ISERROR(U9),"Check mass input",IF(ISERROR(V9),"Check mass input",IF(COUNTBLANK(B9:W9)=0,CONCATENATE(TEXT(B9,"yyyy-mm-dd"),"_",TEXT(C9,"000"),"_",G9,"_SOC",P9,"_Pwr",S9),"Check input")))) -> 2025-01-29_002_RSproLiFePO4-18650-1600mAh_SOC100_Pwr40 | B9: 45686 | C9: 2 | D9: ='Cycling data'!D9 -> Cell 8 | E9: =CONCATENATE(TEXT(B9,"yymmdd"),"-",TEXT(C9,"000")) -> 250129-002 | F9: KCL | G9: RSproLiFePO4-18650-1600mAh | H9: RS | I9: 44761 | J9: Unknown | K9: Cylindrical | L9: 18650 | M9: LFP | N9: 3.2 | O9: 1.6 | P9: 100 | Q9: ='Cycling data'!E9 -> 1.588 | R9: N | S9: 40 | T9: - | U9: =Mass!L9 -> 39.683333 | V9: =Mass!M9 -> 48.197667 | W9: Y
A10: =IF(ISBLANK(B10),"Waiting for input",IF(ISERROR(U10),"Check mass input",IF(ISERROR(V10),"Check mass input",IF(COUNTBLANK(B10:W10)=0,CONCATENATE(TEXT(B10,"yyyy-mm-dd"),"_",TEXT(C10,"000"),"_",G10,"_SOC",P10,"_Pwr",S10),"Check input")))) -> 2024-11-26_001_RSproLiFePO4-26650-3300mAh_SOC100_Pwr80 | B10: 45622 | C10: 1 | D10: ='Cycling data'!D10 -> Cell 1 2665 | E10: =CONCATENATE(TEXT(B10,"yymmdd"),"-",TEXT(C10,"000")) -> 241126-001 | F10: KCL | G10: RSproLiFePO4-26650-3300mAh | H10: RS | I10: 44705 | J10: Unknown | K10: Cylindrical | L10: 26650 | M10: LFP | N10: 3.2 | O10: 3.3 | P10: 100 | Q10: ='Cycling data'!E10 -> 3.445 | R10: N | S10: 80 | T10: - | U10: =Mass!L10 -> 84.09 | V10: =Mass!M10 -> 94.846667 | W10: Y
A11: =IF(ISBLANK(B11),"Waiting for input",IF(ISERROR(U11),"Check mass input",IF(ISERROR(V11),"Check mass input",IF(COUNTBLANK(B11:W11)=0,CONCATENATE(TEXT(B11,"yyyy-mm-dd"),"_",TEXT(C11,"000"),"_",G11,"_SOC",P11,"_Pwr",S11),"Check input")))) -> 2024-11-26_002_RSproLiFePO4-26650-3300mAh_SOC100_Pwr80 | B11: 45622 | C11: 2 | D11: ='Cycling data'!D11 -> Cell 2 2665 | E11: =CONCATENATE(TEXT(B11,"yymmdd"),"-",TEXT(C11,"000")) -> 241126-002 | F11: KCL | G11: RSproLiFePO4-26650-3300mAh | H11: RS | I11: 44705 | J11: Unknown | K11: Cylindrical | L11: 26650 | M11: LFP | N11: 3.2 | O11: 3.3 | P11: 100 | Q11: ='Cycling data'!E11 -> 3.436 | R11: N | S11: 80 | T11: - | U11: =Mass!L11 -> 83.863333 | V11: =Mass!M11 -> 94.34 | W11: Y
A12: =IF(ISBLANK(B12),"Waiting for input",IF(ISERROR(U12),"Check mass input",IF(ISERROR(V12),"Check mass input",IF(COUNTBLANK(B12:W12)=0,CONCATENATE(TEXT(B12,"yyyy-mm-dd"),"_",TEXT(C12,"000"),"_",G12,"_SOC",P12,"_Pwr",S12),"Check input")))) -> 2024-11-27_001_RSproLiFePO4-26650-3300mAh_SOC100_Pwr80 | B12: 45623 | C12: 1 | D12: ='Cycling data'!D12 -> Cell 3 2665 | E12: =CONCATENATE(TEXT(B12,"yymmdd"),"-",TEXT(C12,"000")) -> 241127-001 | F12: KCL | G12: RSproLiFePO4-26650-3300mAh | H12: RS | I12: 44705 | J12: Unknown | K12: Cylindrical | L12: 26650 | M12: LFP | N12: 3.2 | O12: 3.3 | P12: 100 | Q12: ='Cycling data'!E12 -> 3.249 | R12: N | S12: 80 | T12: - | U12: =Mass!L12 -> 84.433333 | V12: =Mass!M12 -> 93.77 | W12: Y
A13: =IF(ISBLANK(B13),"Waiting for input",IF(ISERROR(U13),"Check mass input",IF(ISERROR(V13),"Check mass input",IF(COUNTBLANK(B13:W13)=0,CONCATENATE(TEXT(B13,"yyyy-mm-dd"),"_",TEXT(C13,"000"),"_",G13,"_SOC",P13,"_Pwr",S13),"Check input")))) -> 2024-11-27_002_RSproLiFePO4-26650-3300mAh_SOC100_Pwr80 | B13: 45623 | C13: 2 | D13: ='Cycling data'!D13 -> Cell 4 2665 | E13: =CONCATENATE(TEXT(B13,"yymmdd"),"-",TEXT(C13,"000")) -> 241127-002 | F13: KCL | G13: RSproLiFePO4-26650-3300mAh | H13: RS | I13: 44705 | J13: Unknown | K13: Cylindrical | L13: 26650 | M13: LFP | N13: 3.2 | O13: 3.3 | P13: 100 | Q13: ='Cycling data'!E13 -> 3.222 | R13: N | S13: 80 | T13: - | U13: =Mass!L13 -> 83.93 | V13: =Mass!M13 -> 93.98 | W13: Y
... A29: =IF(ISBLANK(B29),"Waiting for input",IF(ISERROR(U29),"Check mass input",IF(ISERROR(V29),"Check mass input",IF(COUNTBLANK(B29:W29)=0,CONCATENATE(TEXT(B29,"yyyy-mm-dd"),"_",TEXT(C29,"000"),"_",G29,"_SOC",P29,"_Pwr",S29),"Check input")))) -> 2025-02-12_004_RSproLiFePO4-18650-1600mAh_SOC100_Pwr40 | B29: 45700 | C29: 4 | D29: ='Cycling data'!D29 -> Cell 24 | E29: =CONCATENATE(TEXT(B29,"yymmdd"),"-",TEXT(C29,"000")) -> 250212-004 | F29: KCL | G29: RSproLiFePO4-18650-1600mAh | H29: RS | I29: 44761 | J29: Unknown | K29: Cylindrical | L29: 18650 | M29: LFP | N29: 3.2 | O29: 1.6 | P29: 100 | Q29: ='Cycling data'!E29 -> 1.454 | R29: N | S29: 40 | T29: - | U29: =Mass!L29 -> 44.894667 | V29: =Mass!M29 -> 49.395333 | W29: N

Sheet Cycling data
A1: File Name (Test ID Long) | B1: Test ID (Short) | C1: Cycling date | D1: Cell Number | E1: Capacity (Ah) | F1: Average Temperature (degC)
A2: =Before!A2 -> 2024-10-29_001_RSproLiFePO4-18650-1600mAh_SOC100_Pwr40 | B2: =Before!E2 -> 241029-001 | C2: 45593 | D2: Cell 1 | E2: 1.581 | F2: 15.42117
A3: =Before!A3 -> 2024-10-30_001_RSproLiFePO4-18650-1600mAh_SOC100_Pwr40 | B3: =Before!E3 -> 241030-001 | C3: 45593 | D3: Cell 2 | E3: 1.612 | F3: 15.30211
A4: =Before!A4 -> 2024-10-30_002_RSproLiFePO4-18650-1600mAh_SOC100_Pwr40 | B4: =Before!E4 -> 241030-002 | C4: 45593 | D4: Cell 3 | E4: 1.578 | F4: 13.741014
A5: =Before!A5 -> 2024-10-30_003_RSproLiFePO4-18650-1600mAh_SOC100_Pwr40 | B5: =Before!E5 -> 241030-003 | C5: 45593 | D5: Cell 4 | E5: 1.585 | F5: 14.024313
A6: =Before!A6 -> 2024-10-30_004_RSproLiFePO4-18650-1600mAh_SOC100_Pwr40 | B6: =Before!E6 -> 241030-004 | C6: 45594 | D6: Cell 5 | E6: 1.639 | F6: 14.045386
A7: =Before!A7 -> 2024-10-30_005_RSproLiFePO4-18650-1600mAh_SOC100_Pwr40 | B7: =Before!E7 -> 241030-005 | C7: 45594 | D7: Cell 6 | E7: 1.606 | F7: 14.352279
A8: =Before!A8 -> 2025-01-29_001_RSproLiFePO4-18650-1600mAh_SOC100_Pwr40 | B8: =Before!E8 -> 250129-001 | C8: 45594 | D8: Cell 7 | E8: 1.58 | F8: 12.977106
A9: =Before!A9 -> 2025-01-29_002_RSproLiFePO4-18650-1600mAh_SOC100_Pwr40 | B9: =Before!E9 -> 250129-002 | C9: 45594 | D9: Cell 8 | E9: 1.588 | F9: 13.126677
A10: =Before!A10 -> 2024-11-26_001_RSproLiFePO4-26650-3300mAh_SOC100_Pwr80 | B10: =Before!E10 -> 241126-001 | C10: 45617 | D10: Cell 1 2665 | E10: 3.445 | F10: 14.9369
A11: =Before!A11 -> 2024-11-26_002_RSproLiFePO4-26650-3300mAh_SOC100_Pwr80 | B11: =Before!E11 -> 241126-002 | C11: 45617 | D11: Cell 2 2665 | E11: 3.436 | F11: 15.2356
A12: =Before!A12 -> 2024-11-27_001_RSproLiFePO4-26650-3300mAh_SOC100_Pwr80 | B12: =Before!E12 -> 241127-001 | C12: 45622 | D12: Cell 3 2665 | E12: 3.249 | F12: 17.3634
A13: =Before!A13 -> 2024-11-27_002_RSproLiFePO4-26650-3300mAh_SOC100_Pwr80 | B13: =Before!E13 -> 241127-002 | C13: 45622 | D13: Cell 4 2665 | E13: 3.222 | F13: 17.654
... A29: =Before!A29 -> 2025-02-12_004_RSproLiFePO4-18650-1600mAh_SOC100_Pwr40 | B29: =Before!E29 -> 250212-004 | C29: 45699 | D29: Cell 24 | E29: 1.454 | F29: 4.5481

Sheet After
A1: File Name (Test ID Long) | B1: Test ID (Short) | C1: Cell Mass after test (g) | D1: Cell+heater Mass after test (g) | E1: Cap detached? | F1: Bottom rupture? | G1: Side wall buckling? | H1: Side wall spotting? | I1: Side wall tear? | J1: Disintegration? | K1: Jelly Roll Ejected? | L1: Self Ignition? | M1: Spark Ign Successful?
A2: =Before!A2 -> 2024-10-29_001_RSproLiFePO4-18650-1600mAh_SOC100_Pwr40 | B2: =Before!E2 -> 241029-001 | C2: =Mass!N2 -> 33.126667 | D2: =Mass!O2 -> 42.269 | E2: N | F2: N | G2: - | H2: - | I2: - | J2: N | K2: N | L2: N | M2: N/A
A3: =Before!A3 -> 2024-10-30_001_RSproLiFePO4-18650-1600mAh_SOC100_Pwr40 | B3: =Before!E3 -> 241030-001 | C3: =Mass!N3 -> 32.238667 | D3: =Mass!O3 -> 41.124333 | E3: N | F3: N | G3: - | H3: - | I3: - | J3: N | K3: N | L3: N/A | M3: Yes
A4: =Before!A4 -> 2024-10-30_002_RSproLiFePO4-18650-1600mAh_SOC100_Pwr40 | B4: =Before!E4 -> 241030-002 | C4: =Mass!N4 -> 32.388667 | D4: =Mass!O4 -> 41.194 | E4: N | F4: N | G4: - | H4: - | I4: - | J4: N | K4: N | L4: N/A | M4: Yes
A5: =Before!A5 -> 2024-10-30_003_RSproLiFePO4-18650-1600mAh_SOC100_Pwr40 | B5: =Before!E5 -> 241030-003 | C5: =Mass!N5 -> 32.373667 | D5: =Mass!O5 -> 41.543 | E5: N | F5: N | G5: - | H5: - | I5: - | J5: N | K5: N | L5: N/A | M5: Yes
A6: =Before!A6 -> 2024-10-30_004_RSproLiFePO4-18650-1600mAh_SOC100_Pwr40 | B6: =Before!E6 -> 241030-004 | C6: =Mass!N6 -> 32.894333 | D6: =Mass!O6 -> 42.028667 | E6: N | F6: N | G6: - | H6: - | I6: - | J6: N | K6: N | L6: N | M6: N/A
A7: =Before!A7 -> 2024-10-30_005_RSproLiFePO4-18650-1600mAh_SOC100_Pwr40 | B7: =Before!E7 -> 241030-005 | C7: =Mass!N7 -> 33.667333 | D7: =Mass!O7 -> 42.863333 | E7: N | F7: N | G7: - | H7: - | I7: - | J7: N | K7: N | L7: N | M7: N/A
A8: =Before!A8 -> 2025-01-29_001_RSproLiFePO4-18650-1600mAh_SOC100_Pwr40 | B8: =Before!E8 -> 250129-001 | C8: =Mass!N8 -> 32.785333 | D8: =Mass!O8 -> 41.477 | E8: N | F8: N | G8: - | H8: - | I8: - | J8: N | K8: N | L8: N/A | M8: Yes
A9: =Before!A9 -> 2025-01-29_002_RSproLiFePO4-18650-1600mAh_SOC100_Pwr40 | B9: =Before!E9 -> 250129-002 | C9: =Mass!N9 -> 32.313333 | D9: =Mass!O9 -> 40.827667 | E9: N | F9: N | G9: - | H9: - | I9: - | J9: N | K9: N | L9: N/A | M9: Yes
A10: =Before!A10 -> 2024-11-26_001_RSproLiFePO4-26650-3300mAh_SOC100_Pwr80 | B10: =Before!E10 -> 241126-001 | C10: =Mass!N10 -> 69.343333 | D10: =Mass!O10 -> 80.1 | E10: N | F10: N | G10: - | H10: - | I10: - | J10: N | K10: N | L10: N/A | M10: Yes
A11: =Before!A11 -> 2024-11-26_002_RSproLiFePO4-26650-3300mAh_SOC100_Pwr80 | B11: =Before!E11 -> 241126-002 | C11: =Mass!N11 -> 64.62 | D11: =Mass!O11 -> 75.096667 | E11: N | F11: N | G11: - | H11: - | I11: - | J11: N | K11: N | L11: N/A | M11: Yes
A12: =Before!A12 -> 2024-11-27_001_RSproLiFePO4-26650-3300mAh_SOC100_Pwr80 | B12: =Before!E12 -> 241127-001 | C12: =Mass!N12 -> 69.9 | D12: =Mass!O12 -> 79.236667 | E12: N | F12: N | G12: - | H12: - | I12: - | J12: N | K12: N | L12: N/A | M12: Yes
A13: =Before!A13 -> 2024-11-27_002_RSproLiFePO4-26650-3300mAh_SOC100_Pwr80 | B13: =Before!E13 -> 241127-002 | C13: =Mass!N13 -> 69.126667 | D13: =Mass!O13 -> 79.176667 | E13: N | F13: N | G13: - | H13: - | I13: - | J13: N | K13: N | L13: N/A | M13: Yes
... A29: =Before!A29 -> 2025-02-12_004_RSproLiFePO4-18650-1600mAh_SOC100_Pwr40 | B29: =Before!E29 -> 250212-004 | C29: =Mass!N29 -> 38.448 | D29: =Mass!O29 -> 42.948667 | E29: N | F29: N | G29: - | H29: - | I29: - | J29: N | K29: N | L29: N | M29: N/A

Sheet Mass
A1: File Name (Test ID Long) | B1: Test ID (Short) | C1: Cell Mass before test (g) 1 | D1: Cell Mass before test (g) 2 | E1: Cell Mass before test (g) 3 | F1: Cell+heater Mass before test (g) 1 | G1: Cell+heater Mass before test (g) 2 | H1: Cell+heater Mass before test (g) 3 | I1: Cell+heater Mass after test (g) 1 | J1: Cell+heater Mass after test (g) 2 | K1: Cell+heater Mass after test (g) 3 | L1: Cell Mass before test (g) | M1: Cell+heater Mass before test (g) | N1: Cell Mass after test (g) | O1: Cell+heater Mass after test (g)
A2: =Before!A2 -> 2024-10-29_001_RSproLiFePO4-18650-1600mAh_SOC100_Pwr40 | B2: =Before!E2 -> 241029-001 | C2: 40.303 | D2: 40.305 | E2: 40.306 | F2: 49.445 | G2: 49.447 | H2: 49.449 | I2: 42.269 | J2: 42.269 | K2: 42.269 | L2: =AVERAGE(C2:E2) -> 40.304667 | M2: =AVERAGE(F2:H2) -> 49.447 | N2: =L2-(M2-O2) -> 33.126667 | O2: =AVERAGE(I2:K2) -> 42.269
A3: =Before!A3 -> 2024-10-30_001_RSproLiFePO4-18650-1600mAh_SOC100_Pwr40 | B3: =Before!E3 -> 241030-001 | C3: 39.846 | D3: 39.848 | E3: 39.85 | F3: 48.733 | G3: 48.734 | H3: 48.734 | I3: 41.125 | J3: 41.125 | K3: 41.123 | L3: =AVERAGE(C3:E3) -> 39.848 | M3: =AVERAGE(F3:H3) -> 48.733667 | N3: =L3-(M3-O3) -> 32.238667 | O3: =AVERAGE(I3:K3) -> 41.124333
A4: =Before!A4 -> 2024-10-30_002_RSproLiFePO4-18650-1600mAh_SOC100_Pwr40 | B4: =Before!E4 -> 241030-002 | C4: 39.876 | D4: 39.877 | E4: 39.876 | F4: 48.68 | G4: 48.682 | H4: 48.683 | I4: 41.191 | J4: 41.196 | K4: 41.195 | L4: =AVERAGE(C4:E4) -> 39.876333 | M4: =AVERAGE(F4:H4) -> 48.681667 | N4: =L4-(M4-O4) -> 32.388667 | O4: =AVERAGE(I4:K4) -> 41.194
A5: =Before!A5 -> 2024-10-30_003_RSproLiFePO4-18650-1600mAh_SOC100_Pwr40 | B5: =Before!E5 -> 241030-003 | C5: 39.989 | D5: 39.984 | E5: 39.994 | F5: 49.159 | G5: 49.158 | H5: 49.158 | I5: 41.545 | J5: 41.544 | K5: 41.54 | L5: =AVERAGE(C5:E5) -> 39.989 | M5: =AVERAGE(F5:H5) -> 49.158333 | N5: =L5-(M5-O5) -> 32.373667 | O5: =AVERAGE(I5:K5) -> 41.543
A6: =Before!A6 -> 2024-10-30_004_RSproLiFePO4-18650-1600mAh_SOC100_Pwr40 | B6: =Before!E6 -> 241030-004 | C6: 39.906 | D6: 39.903 | E6: 39.904 | F6: 49.04 | G6: 49.036 | H6: 49.04 | I6: 42.026 | J6: 42.027 | K6: 42.033 | L6: =AVERAGE(C6:E6) -> 39.904333 | M6: =AVERAGE(F6:H6) -> 49.038667 | N6: =L6-(M6-O6) -> 32.894333 | O6: =AVERAGE(I6:K6) -> 42.028667
A7: =Before!A7 -> 2024-10-30_005_RSproLiFePO4-18650-1600mAh_SOC100_Pwr40 | B7: =Before!E7 -> 241030-005 | C7: 40.038 | D7: 40.041 | E7: 40.037 | F7: 49.236 | G7: 49.235 | H7: 49.233 | I7: 42.867 | J7: 42.864 | K7: 42.859 | L7: =AVERAGE(C7:E7) -> 40.038667 | M7: =AVERAGE(F7:H7) -> 49.234667 | N7: =L7-(M7-O7) -> 33.667333 | O7: =AVERAGE(I7:K7) -> 42.863333
A8: =Before!A8 -> 2025-01-29_001_RSproLiFePO4-18650-1600mAh_SOC100_Pwr40 | B8: =Before!E8 -> 250129-001 | C8: 40.129 | D8: 40.132 | E8: 40.134 | F8: 48.823 | G8: 48.823 | H8: 48.824 | I8: 41.473 | J8: 41.479 | K8: 41.479 | L8: =AVERAGE(C8:E8) -> 40.131667 | M8: =AVERAGE(F8:H8) -> 48.823333 | N8: =L8-(M8-O8) -> 32.785333 | O8: =AVERAGE(I8:K8) -> 41.477
A9: =Before!A9 -> 2025-01-29_002_RSproLiFePO4-18650-1600mAh_SOC100_Pwr40 | B9: =Before!E9 -> 250129-002 | C9: 39.698 | D9: 39.677 | E9: 39.675 | F9: 48.195 | G9: 48.198 | H9: 48.2 | I9: 40.841 | J9: 40.825 | K9: 40.817 | L9: =AVERAGE(C9:E9) -> 39.683333 | M9: =AVERAGE(F9:H9) -> 48.197667 | N9: =L9-(M9-O9) -> 32.313333 | O9: =AVERAGE(I9:K9) -> 40.827667
A10: =Before!A10 -> 2024-11-26_001_RSproLiFePO4-26650-3300mAh_SOC100_Pwr80 | B10: =Before!E10 -> 241126-001 | C10: 84.09 | D10: 84.09 | E10: 84.09 | F10: 94.85 | G10: 94.85 | H10: 94.84 | I10: 80.11 | J10: 80.1 | K10: 80.09 | L10: =AVERAGE(C10:E10) -> 84.09 | M10: =AVERAGE(F10:H10) -> 94.846667 | N10: =L10-(M10-O10) -> 69.343333 | O10: =AVERAGE(I10:K10) -> 80.1
A11: =Before!A11 -> 2024-11-26_002_RSproLiFePO4-26650-3300mAh_SOC100_Pwr80 | B11: =Before!E11 -> 241126-002 | C11: 83.87 | D11: 83.86 | E11: 83.86 | F11: 94.34 | G11: 94.34 | H11: 94.34 | I11: 73.38 | J11: 73.37 | K11: 78.54 | L11: =AVERAGE(C11:E11) -> 83.863333 | M11: =AVERAGE(F11:H11) -> 94.34 | N11: =L11-(M11-O11) -> 64.62 | O11: =AVERAGE(I11:K11) -> 75.096667
A12: =Before!A12 -> 2024-11-27_001_RSproLiFePO4-26650-3300mAh_SOC100_Pwr80 | B12: =Before!E12 -> 241127-001 | C12: 84.42 | D12: 84.44 | E12: 84.44 | F12: 93.77 | G12: 93.77 | H12: 93.77 | I12: 79.25 | J12: 79.23 | K12: 79.23 | L12: =AVERAGE(C12:E12) -> 84.433333 | M12: =AVERAGE(F12:H12) -> 93.77 | N12: =L12-(M12-O12) -> 69.9 | O12: =AVERAGE(I12:K12) -> 79.236667
A13: =Before!A13 -> 2024-11-27_002_RSproLiFePO4-26650-3300mAh_SOC100_Pwr80 | B13: =Before!E13 -> 241127-002 | C13: 83.93 | D13: 83.93 | E13: 83.93 | F13: 93.99 | G13: 93.97 | H13: 93.98 | I13: 79.11 | J13: 79.19 | K13: 79.23 | L13: =AVERAGE(C13:E13) -> 83.93 | M13: =AVERAGE(F13:H13) -> 93.98 | N13: =L13-(M13-O13) -> 69.126667 | O13: =AVERAGE(I13:K13) -> 79.176667
... A21: =Before!A21 -> 2025-01-30_005_RSproLiFePO4-18650-1600mAh_SOC100_Pwr40 | B21: =Before!E21 -> 250130-005 | C21: 39.952 | D21: 39.958 | E21: 39.95 | F21: 49.139 | G21: 49.129 | H21: 49.13 | I21: 42.311 | J21: 42.309 | K21: 42.312 | L21: =AVERAGE(C21:E21) -> 39.953333 | M21: =AVERAGE(F21:H21) -> 49.132667 | N21: =L21-(M21-O21) -> 33.131333 | O21: =AVERAGE(I21:K21) -> 42.310667
A22: =Before!A22 -> 2025-02-11_001_RSproLiFePO4-18650-1600mAh_SOC100_Pwr40 | B22: =Before!E22 -> 250211-001 | C22: 40.068 | D22: 40.067 | E22: 40.067 | F22: 49.014 | G22: 49.013 | H22: 49.018 | I22: 41.725 | J22: 41.732 | K22: 41.725 | L22: =AVERAGE(C22:K22) -> 43.603222 | M22: =AVERAGE(F22:H22) -> 49.015 | N22: =L22-(M22-O22) -> 36.315556 | O22: =AVERAGE(I22:K22) -> 41.727333
A23: =Before!A23 -> 2025-02-11_002_RSproLiFePO4-18650-1600mAh_SOC100_Pwr40 | B23: =Before!E23 -> 250211-002 | C23: 40.04 | D23: 40.037 | E23: 40.037 | F23: 48.89 | G23: 48.899 | H23: 48.899 | I23: 41.303 | J23: 41.303 | K23: 41.309 | L23: =AVERAGE(C23:K23) -> 43.413 | M23: =AVERAGE(F23:H23) -> 48.896 | N23: =L23-(M23-O23) -> 35.822 | O23: =AVERAGE(I23:K23) -> 41.305
A24: =Before!A24 -> 2025-02-11_003_RSproLiFePO4-18650-1600mAh_SOC100_Pwr40 | B24: =Before!E24 -> 250211-003 | C24: 39.952 | D24: 39.944 | E24: 39.948 | F24: 48.768 | G24: 48.77 | H24: 48.774 | I24: 42.077 | J24: 42.077 | K24: 42.094 | L24: =AVERAGE(C24:K24) -> 43.600444 | M24: =AVERAGE(F24:H24) -> 48.770667 | N24: =L24-(M24-O24) -> 36.912444 | O24: =AVERAGE(I24:K24) -> 42.082667
A25: =Before!A25 -> 2025-02-11_004_RSproLiFePO4-18650-1600mAh_SOC100_Pwr40 | B25: =Before!E25 -> 250211-004 | C25: 40.045 | D25: 40.056 | E25: 40.049 | F25: 48.829 | G25: 48.831 | H25: 48.839 | I25: 41.773 | J25: 41.778 | K25: 41.782 | L25: =AVERAGE(C25:K25) -> 43.553556 | M25: =AVERAGE(F25:H25) -> 48.833 | N25: =L25-(M25-O25) -> 36.498222 | O25: =AVERAGE(I25:K25) -> 41.777667
A26: =Before!A26 -> 2025-02-12_001_RSproLiFePO4-18650-1600mAh_SOC100_Pwr40 | B26: =Before!E26 -> 250212-001 | C26: 40.421 | D26: 40.427 | E26: 40.421 | F26: 49.372 | G26: 49.374 | H26: 49.373 | I26: 42.024 | J26: 42.025 | K26: 42.019 | L26: =AVERAGE(C26:K26) -> 43.939556 | M26: =AVERAGE(F26:H26) -> 49.373 | N26: =L26-(M26-O26) -> 36.589222 | O26: =AVERAGE(I26:K26) -> 42.022667
A27: =Before!A27 -> 2025-02-12_002_RSproLiFePO4-18650-1600mAh_SOC100_Pwr40 | B27: =Before!E27 -> 250212-002 | C27: 39.91 | D27: 39.902 | E27: 39.899 | F27: 49.085 | G27: 49.1 | H27: 49.097 | I27: 41.48 | J27: 41.473 | K27: 41.478 | L27: =AVERAGE(C27:K27) -> 43.491556 | M27: =AVERAGE(F27:H27) -> 49.094 | N27: =L27-(M27-O27) -> 35.874556 | O27: =AVERAGE(I27:K27) -> 41.477
A28: =Before!A28 -> 2025-02-12_003_RSproLiFePO4-18650-1600mAh_SOC100_Pwr40 | B28: =Before!E28 -> 250212-003 | C28: 39.963 | D28: 39.958 | E28: 39.963 | F28: 49.249 | G28: 49.263 | H28: 49.254 | I28: 42.219 | J28: 42.214 | K28: 42.229 | L28: =AVERAGE(C28:K28) -> 43.812444 | M28: =AVERAGE(F28:H28) -> 49.255333 | N28: =L28-(M28-O28) -> 36.777778 | O28: =AVERAGE(I28:K28) -> 42.220667
A29: =Before!A29 -> 2025-02-12_004_RSproLiFePO4-18650-1600mAh_SOC100_Pwr40 | B29: =Before!E29 -> 250212-004 | C29: 40.396 | D29: 40.392 | E29: 40.394 | F29: 49.4 | G29: 49.391 | H29: 49.395 | I29: 42.945 | J29: 42.949 | K29: 42.952 | L29: =AVERAGE(C29:H29) -> 44.894667 | M29: =AVERAGE(F29:H29) -> 49.395333 | N29: =L29-(M29-O29) -> 38.448 | O29: =AVERAGE(I29:K29) -> 42.948667

Sheet DropDowns
A2: LCO | B2: Cylindrical
A3: LFP | B3: Pouch
A4: LMO | B4: Prismatic
A5: LTO
A6: NCA
A7: NMC
